{"cameraMode":{"drawMode":0,"name":"Shaded","section":"Shading Mode"},"sceneLighting":true,"audioPlay":false,"sceneViewState":{"showFog":true,"showMaterialUpdate":false,"showSkybox":true,"showFlares":true,"showImageEffects":true,"showParticleSystems":true},"in2DMode":false,"pivot":{"x":-20.100679397583009,"y":-9.314701080322266,"z":-7.8073506355285648},"rotation":{"x":0.12485166639089585,"y":-0.8106682896614075,"z":0.18773481249809266,"w":0.540518581867218},"size":28.418365478515626,"orthographic":false}