{"cameraMode":{"drawMode":0,"name":"Shaded","section":"Shading Mode"},"sceneLighting":true,"audioPlay":false,"sceneViewState":{"showFog":true,"showMaterialUpdate":false,"showSkybox":true,"showFlares":true,"showImageEffects":true,"showParticleSystems":true},"in2DMode":false,"pivot":{"x":325.0664978027344,"y":64.59076690673828,"z":398.6956481933594},"rotation":{"x":0.21916310489177705,"y":0.657372236251831,"z":-0.20876368880271913,"w":0.6901170611381531},"size":777.1622314453125,"orthographic":true}