{"cameraMode":{"drawMode":0,"name":"Shaded","section":"Shading Mode"},"sceneLighting":true,"audioPlay":false,"sceneViewState":{"showFog":true,"showMaterialUpdate":false,"showSkybox":true,"showFlares":true,"showImageEffects":true,"showParticleSystems":true},"in2DMode":false,"pivot":{"x":-15.017062187194825,"y":-2.0496158599853517,"z":-3.106424570083618},"rotation":{"x":-0.3249671459197998,"y":0.34117382764816286,"z":-0.1270184963941574,"w":-0.8728780150413513},"size":41.91240692138672,"orthographic":false}