{"cameraMode":{"drawMode":0,"name":"Shaded","section":"Shading Mode"},"sceneLighting":true,"audioPlay":false,"sceneViewState":{"showFog":true,"showMaterialUpdate":false,"showSkybox":true,"showFlares":true,"showImageEffects":true,"showParticleSystems":true},"in2DMode":false,"pivot":{"x":344.4734802246094,"y":95.63720703125,"z":572.4466552734375},"rotation":{"x":0.1199745312333107,"y":-0.6276700496673584,"z":0.09872021526098252,"w":0.7628299593925476},"size":538.3919067382813,"orthographic":false}