{"cameraMode":{"drawMode":0,"name":"Shaded","section":"Shading Mode"},"sceneLighting":true,"audioPlay":false,"sceneViewState":{"showFog":true,"showMaterialUpdate":false,"showSkybox":true,"showFlares":true,"showImageEffects":true,"showParticleSystems":true},"in2DMode":false,"pivot":{"x":382.41552734375,"y":100.406982421875,"z":448.36376953125},"rotation":{"x":0.022871272638440133,"y":-0.9759684801101685,"z":0.17547927796840669,"w":0.12721064686775208},"size":63.9714241027832,"orthographic":true}