{"cameraMode":{"drawMode":0,"name":"Shaded","section":"Shading Mode"},"sceneLighting":false,"audioPlay":false,"sceneViewState":{"showFog":true,"showMaterialUpdate":false,"showSkybox":false,"showFlares":true,"showImageEffects":true,"showParticleSystems":true},"in2DMode":false,"pivot":{"x":1.519179344177246,"y":4.840397357940674,"z":-2.6369922161102297},"rotation":{"x":-0.04763013496994972,"y":0.8785393238067627,"z":-0.46679648756980898,"w":-0.08966599404811859},"size":0.4041655659675598,"orthographic":false}