{"cameraMode":{"drawMode":0,"name":"Shaded","section":"Shading Mode"},"sceneLighting":true,"audioPlay":false,"sceneViewState":{"showFog":true,"showMaterialUpdate":false,"showSkybox":true,"showFlares":true,"showImageEffects":true,"showParticleSystems":true},"in2DMode":false,"pivot":{"x":335.9167785644531,"y":62.9925422668457,"z":707.496337890625},"rotation":{"x":-0.1011415496468544,"y":-0.8700999617576599,"z":0.20050950348377229,"w":-0.43880531191825869},"size":15.9479398727417,"orthographic":true}