{"cameraMode":{"drawMode":0,"name":"Shaded","section":"Shading Mode"},"sceneLighting":true,"audioPlay":false,"sceneViewState":{"showFog":true,"showMaterialUpdate":false,"showSkybox":true,"showFlares":true,"showImageEffects":true,"showParticleSystems":true},"in2DMode":false,"pivot":{"x":342.54296875,"y":103.19140625,"z":663.663818359375},"rotation":{"x":0.2539975643157959,"y":0.7453268766403198,"z":-0.41690683364868166,"w":0.4540913701057434},"size":145.5438232421875,"orthographic":true}