{"cameraMode":{"drawMode":0,"name":"Shaded","section":"Shading Mode"},"sceneLighting":true,"audioPlay":false,"sceneViewState":{"showFog":true,"showMaterialUpdate":false,"showSkybox":true,"showFlares":true,"showImageEffects":true,"showParticleSystems":true},"in2DMode":false,"pivot":{"x":-6.260738372802734,"y":-6.605203628540039,"z":-6.787909507751465},"rotation":{"x":-0.28945058584213259,"y":0.7101702690124512,"z":-0.4428000748157501,"w":-0.464687317609787},"size":23.297311782836915,"orthographic":false}