{"cameraMode":{"drawMode":0,"name":"Shaded","section":"Shading Mode"},"sceneLighting":true,"audioPlay":false,"sceneViewState":{"showFog":true,"showMaterialUpdate":false,"showSkybox":true,"showFlares":true,"showImageEffects":true,"showParticleSystems":true},"in2DMode":false,"pivot":{"x":371.93408203125,"y":162.08154296875,"z":658.841796875},"rotation":{"x":-0.10292630642652512,"y":0.8827469944953919,"z":-0.3973989188671112,"w":-0.22870469093322755},"size":172.2045135498047,"orthographic":true}