{"cameraMode":{"drawMode":0,"name":"Shaded","section":"Shading Mode"},"sceneLighting":true,"audioPlay":false,"sceneViewState":{"showFog":true,"showMaterialUpdate":false,"showSkybox":true,"showFlares":true,"showImageEffects":true,"showParticleSystems":true},"in2DMode":false,"pivot":{"x":0.2863129675388336,"y":-1.1822589635849,"z":-10.228052139282227},"rotation":{"x":0.15897740423679353,"y":-0.14426672458648683,"z":0.023475706577301027,"w":0.9764311909675598},"size":9.265202522277832,"orthographic":false}