{"cameraMode":{"drawMode":0,"name":"Shaded","section":"Shading Mode"},"sceneLighting":true,"audioPlay":false,"sceneViewState":{"showFog":true,"showMaterialUpdate":false,"showSkybox":true,"showFlares":true,"showImageEffects":true,"showParticleSystems":true},"in2DMode":false,"pivot":{"x":394.0430603027344,"y":3.8049850463867189,"z":327.48980712890627},"rotation":{"x":0.0029175598174333574,"y":0.9812616109848023,"z":-0.19227898120880128,"w":0.01471901498734951},"size":210.48765563964845,"orthographic":false}